<?xml version="1.0" encoding="UTF-8"?>
<project-private xmlns="http://www.netbeans.org/ns/project-private/1">
    <editor-bookmarks xmlns="http://www.netbeans.org/ns/editor-bookmarks/2" lastBookmarkId="0"/>
    <open-files xmlns="http://www.netbeans.org/ns/projectui-open-files/2">
        <group>
            <file>file:/D:/LabDevJAVA/Loja.conexao/src/beans/Produto.java</file>
            <file>file:/D:/LabDevJAVA/Loja.conexao/src/conexao/Conexao.java</file>
            <file>file:/D:/LabDevJAVA/Loja.conexao/src/beans/Categoria.java</file>
            <file>file:/D:/LabDevJAVA/Loja.conexao/src/conexao/MenuPrincipal.java</file>
            <file>file:/D:/LabDevJAVA/Loja.conexao/src/conexao/InterfaceConsultaProduto.java</file>
            <file>file:/D:/LabDevJAVA/Loja.conexao/src/conexao/InterfaceCadastroCategoria.java</file>
            <file>file:/D:/LabDevJAVA/Loja.conexao/src/DAO/CategoriaDAO.java</file>
            <file>file:/D:/LabDevJAVA/Loja.conexao/src/conexao/InterfaceCadastroProduto.java</file>
            <file>file:/D:/LabDevJAVA/Loja.conexao/src/DAO/ProdutoDAO.java</file>
            <file>file:/D:/LabDevJAVA/Loja.conexao/src/conexao/RelatorioProdutos.java</file>
        </group>
    </open-files>
</project-private>
