<?xml version="1.0" encoding="UTF-8"?>
<project-private xmlns="http://www.netbeans.org/ns/project-private/1">
    <editor-bookmarks xmlns="http://www.netbeans.org/ns/editor-bookmarks/2" lastBookmarkId="0"/>
    <open-files xmlns="http://www.netbeans.org/ns/projectui-open-files/2">
        <group>
            <file>file:/C:/Users/iagov/Documents/NetBeansProjects/javabd01.conexao/src/javabd01/conexao/bd01.java</file>
            <file>file:/C:/Users/iagov/Documents/NetBeansProjects/javabd01.conexao/src/javabd01/conexao/Javabd01Conexao.java</file>
            <file>file:/C:/Users/iagov/Documents/NetBeansProjects/javabd01.conexao/src/DAO/VeiculoDAO.java</file>
            <file>file:/C:/Users/iagov/Documents/NetBeansProjects/javabd01.conexao/src/javabd01/conexao/CadastroVeiculo.java</file>
            <file>file:/C:/Users/iagov/Documents/NetBeansProjects/javabd01.conexao/src/javabd01/conexao/bd01Editar.java</file>
            <file>file:/C:/Users/iagov/Documents/NetBeansProjects/javabd01.conexao/src/javabd01/conexao/Conexao.java</file>
            <file>file:/C:/Users/iagov/Documents/NetBeansProjects/javabd01.conexao/src/beans/Veiculo.java</file>
            <file>file:/C:/Users/iagov/Documents/NetBeansProjects/javabd01.conexao/src/DAO/PessoaDAO.java</file>
            <file>file:/C:/Users/iagov/Documents/NetBeansProjects/javabd01.conexao/src/beans/Pessoa.java</file>
            <file>file:/C:/Users/iagov/Documents/NetBeansProjects/javabd01.conexao/src/javabd01/conexao/EditarVeiculo.java</file>
        </group>
    </open-files>
</project-private>
