<?xml version="1.0" encoding="UTF-8"?>
<project-private xmlns="http://www.netbeans.org/ns/project-private/1">
    <editor-bookmarks xmlns="http://www.netbeans.org/ns/editor-bookmarks/2" lastBookmarkId="0"/>
    <open-files xmlns="http://www.netbeans.org/ns/projectui-open-files/2">
        <group>
            <file>file:/C:/Users/laboratorio/Documents/NetBeansProjects/Prova/src/com/gilbertomorales/beans/Cliente.java</file>
            <file>file:/C:/Users/laboratorio/Documents/NetBeansProjects/Prova/src/com/gilbertomorales/interfaces/InterfaceCadastro.java</file>
            <file>file:/C:/Users/laboratorio/Documents/NetBeansProjects/Prova/src/com/gilbertomorales/dao/ClienteDAO.java</file>
            <file>file:/C:/Users/laboratorio/Documents/NetBeansProjects/Prova/src/com/gilbertomorales/interfaces/InterfaceRelatorio.java</file>
        </group>
    </open-files>
</project-private>
