<?xml version="1.0" encoding="UTF-8"?>
<project-private xmlns="http://www.netbeans.org/ns/project-private/1">
    <editor-bookmarks xmlns="http://www.netbeans.org/ns/editor-bookmarks/2" lastBookmarkId="0"/>
    <open-files xmlns="http://www.netbeans.org/ns/projectui-open-files/2">
        <group>
            <file>file:/D:/LabDevJAVA/javaescola.conexao/src/conexao/JavaEscola.java</file>
            <file>file:/D:/LabDevJAVA/javaescola.conexao/src/conexao/RelatorioProfessores.java</file>
            <file>file:/D:/LabDevJAVA/javaescola.conexao/src/beans/Aluno.java</file>
            <file>file:/D:/LabDevJAVA/javaescola.conexao/src/DAO/professorDAO.java</file>
            <file>file:/D:/LabDevJAVA/javaescola.conexao/src/conexao/Conexao.java</file>
            <file>file:/D:/LabDevJAVA/javaescola.conexao/src/conexao/InterfaceConsultaEscola.java</file>
            <file>file:/D:/LabDevJAVA/javaescola.conexao/src/conexao/MenuPrincipal.java</file>
            <file>file:/D:/LabDevJAVA/javaescola.conexao/src/conexao/IntefaceCadastroDisciplina.java</file>
            <file>file:/D:/LabDevJAVA/javaescola.conexao/src/DAO/alunoDAO.java</file>
            <file>file:/D:/LabDevJAVA/javaescola.conexao/src/conexao/RelatorioAlunos.java</file>
            <file>file:/D:/LabDevJAVA/javaescola.conexao/src/DAO/disciplinaDAO.java</file>
            <file>file:/D:/LabDevJAVA/javaescola.conexao/src/conexao/InterfaceCadastroEscola.java</file>
            <file>file:/D:/LabDevJAVA/javaescola.conexao/src/beans/Professor.java</file>
            <file>file:/D:/LabDevJAVA/javaescola.conexao/src/beans/Disciplina.java</file>
        </group>
    </open-files>
</project-private>
