<?xml version="1.0" encoding="UTF-8"?>
<project-private xmlns="http://www.netbeans.org/ns/project-private/1">
    <editor-bookmarks xmlns="http://www.netbeans.org/ns/editor-bookmarks/2" lastBookmarkId="0"/>
    <open-files xmlns="http://www.netbeans.org/ns/projectui-open-files/2">
        <group>
            <file>file:/D:/LabDevJAVA/javabd01.conexao/src/conexao/InterfaceConsultaVeiculo.java</file>
            <file>file:/D:/LabDevJAVA/javabd01.conexao/src/conexao/MenuPrincipal.java</file>
            <file>file:/D:/LabDevJAVA/javabd01.conexao/src/conexao/InterfaceRelatorioPessoas.java</file>
            <file>file:/D:/LabDevJAVA/javabd01.conexao/src/DAO/VeiculoDAO.java</file>
            <file>file:/D:/LabDevJAVA/javabd01.conexao/src/DAO/PessoaDAO.java</file>
            <file>file:/D:/LabDevJAVA/javabd01.conexao/src/conexao/InterfaceRelatorioVeiculo.java</file>
            <file>file:/D:/LabDevJAVA/javabd01.conexao/src/conexao/Conexao.java</file>
        </group>
    </open-files>
</project-private>
